Designation,Type,Mass_kg_m,Area_cm2,Depth_mm,Width_mm,tw_mm,tf_mm,rx_cm,ry_cm,Ix_cm4,Iy_cm4,Zx_cm3,Zy_cm3,Area_mm2
ISMB100,I,11.5,14.6,100,75,4.0,7.2,4.2,1.84,257.0,49.5,51.5,13.2,1460.0
ISMB125,I,15.4,19.6,125,75,5.0,8.3,5.36,1.62,564.0,51.6,90.3,13.8,1960.0
ISMB150,I,14.9,19.0,150,80,4.8,7.6,6.62,1.68,834.0,54.0,111.0,13.5,1900.0
ISMB175,I,19.1,24.4,175,90,5.5,8.6,7.68,1.9,1440.0,88.4,165.0,19.7,2440.0
ISMB200,I,25.4,32.3,200,100,5.7,10.8,8.32,2.15,2235.0,150.0,224.0,30.0,3230.0
ISMB225,I,31.2,39.7,225,110,6.5,11.8,9.31,2.34,3440.0,218.0,306.0,39.7,3970.0
ISMB250,I,37.3,47.5,250,125,6.9,12.5,10.4,2.65,5130.0,335.0,410.0,53.5,4750.0
ISMB300,I,44.2,56.3,300,140,7.5,13.1,12.4,2.86,8660.0,461.0,577.0,65.9,5630.0
ISMB350,I,52.4,66.7,350,140,8.1,14.2,14.3,2.84,13600.0,538.0,779.0,76.8,6670.0
ISMB400,I,61.6,78.4,400,140,8.9,16.0,16.2,2.82,20500.0,622.0,1020.0,88.9,7840.0
ISMB450,I,72.4,92.2,450,150,9.4,17.4,18.2,3.01,30400.0,834.0,1350.0,111.0,9220.0
ISMB500,I,86.9,111.0,500,180,10.2,17.2,20.2,3.52,45200.0,1370.0,1810.0,152.0,11100.0
ISMB550,I,103.7,132.0,550,190,11.2,19.3,22.2,3.73,64900.0,1830.0,2360.0,193.0,13200.0
ISMB600,I,122.6,156.0,600,210,12.0,20.3,24.2,4.12,91800.0,2650.0,3060.0,252.0,15600.0
ISMC75,C,6.1,7.8,75,40,4.8,7.5,2.8,1.23,61.8,11.8,16.5,5.9,780.0
ISMC100,C,9.2,11.7,100,50,4.7,7.5,3.57,1.45,149.0,24.6,29.8,9.8,1170.0
ISMC125,C,13.1,16.6,125,65,5.3,8.0,4.48,1.75,333.0,50.8,53.3,15.6,1660.0
ISMC150,C,16.8,21.3,150,75,5.7,9.0,5.65,1.93,681.0,79.5,90.8,21.2,2130.0
ISMC175,C,20.9,26.6,175,75,6.0,10.2,6.56,2.0,1145.0,106.0,131.0,28.3,2660.0
ISMC200,C,22.3,28.5,200,75,6.2,11.4,8.02,2.22,1830.0,141.0,181.0,26.4,2850.0
ISMC225,C,26.1,33.3,225,80,6.5,12.4,9.02,2.37,2710.0,188.0,241.0,33.0,3330.0
ISMC250,C,30.6,39.0,250,80,7.2,14.1,9.92,2.37,3880.0,211.0,307.0,38.5,3900.0
ISMC300,C,36.3,46.3,300,90,7.8,13.6,11.8,2.6,6420.0,313.0,428.0,47.1,4630.0
ISMC350,C,42.1,53.6,350,100,8.5,15.0,13.6,2.78,9900.0,414.0,566.0,58.0,5360.0
ISMC400,C,49.4,62.9,400,100,9.0,16.0,15.7,2.78,15700.0,488.0,785.0,67.0,6290.0
